id	name	lat	lon
planmaison_windgram	Plan Maison (AO)	45.9421	7.6542
Gressoney_windgram	Punta Jolanda - Gressoney La Trinite (AO)	45.8395	7.8315
torgnon_windgram	Torgnon (AO)	45.8251	7.5531
magdeleine_windgram	La Magdeleine (AO)	45.8144	7.6076
Lasalle_windgram	Plan Belle Crete - La Salle (AO)	45.7709	7.0656
bellon_windgram	Decollo Bellon (AO)	45.7299	7.229
saleve_windgram	Saleve - les Crets (Ginevra)	46.13	6.1711
planpraz_windgram	Plan Praz (Chamonix)	45.9356	6.855
forclaz_windgram	Col de la Forclaz (Annecy)	45.8142	6.247
St.Hilaire_windgram	St. Hilaire (Isère)	45.3076	5.8907
granon_windgram	Col du Granon (Briancon)	44.9599	6.592
izoard_windgram	Col Izoard (Briancon)	44.8184	6.7302
Trubbio_windgram	Cima Trubbio - S. Maria Maggiore (VB)	46.1686	8.5114
macugnaga_windgram	Macugnaga - Monte Moro (VB)	45.9964	7.9791
cavallotti_windgram	Alpe Cavallotti Miazzina (VB)	45.9864	8.52
quaggione_windgram	Alpe Quaggione (VB)	45.9135	8.3821
mottarone_windgram	Cima Mottarone (VB)	45.881	8.4536
alagna_windgram	Alagna Valsesia (VC)	45.8746	7.903
M.Tovo_windgram	Monte Tovo - Quarona (VC)	45.7528	8.2218
alpedimera_windgram	Alpe di Mera (VC)	45.738	8.0856
bielmonte_windgram	Bielmonte (BI)	45.6605	8.0756
Muanda_windgram	Muanda (BI)	45.5911	7.9725
sangiacomo_windgram	San Giacomo (TO)	45.546	7.8752
Cavallaria_windgram	Cima Cavallaria (TO)	45.5203	7.8069
laserra_windgram	La Serra (TO)	45.471	7.9834
S.Elisabetta_windgram	S. Elisabetta (TO)	45.4274	7.6482
Ciavaniss_windgram	Ciavaniss - Chialamberto (TO)	45.3786	7.3567
corio_windgram	Corio (TO)	45.3373	7.5434
roccacanavese_windgram	Rocca Canavese (TO)	45.3276	7.5726
prapiano_windgram	Decollo PraPiano (TO)	45.2043	7.034
combedruge_windgram	Decollo Combe Druge (TO)	45.1784	7.1614
M.Rosselli_windgram	M.te Rosselli - ValledellaTorre (TO)	45.1631	7.4639
condotte_windgram	Decollo Condotte (TO)	45.1595	6.9749
sanraffaele_windgram	San Raffaele (TO)	45.1556	7.8608
pavaglione_windgram	Decollo Pavaglione (TO)	45.1548	7.1816
celle_windgram	Celle (TO)	45.1289	7.3549
valsangone_windgram	Val Sangone (TO)	45.0784	7.2796
Truccetti_windgram	Truccetti (TO)	45.0758	7.3488
piandellalpe_windgram	Pian dell’Alpe (TO)	45.0625	7.0266
M.Bocciarda_windgram	M.te Bocciarda - Perosa Argentina (TO)	45.0051	7.1797
Piossasco_windgram	M.te S. Giorgio - Piossasco (TO)	44.9981	7.4489
pralamar_windgram	M.te Cucetto - Pinasca (TO)	44.976	7.2343
Volvera_windgram	Volvera (TO)	44.9537	7.5039
podio_windgram	Podio - Pinasca (TO)	44.9476	7.2361
GRANGESISES_windgram	Grangesises - Sestrieres (TO)	44.9408	6.8737
roletto_windgram	Decollo Pigi, Roletto (TO)	44.9334	7.3111
bricrond_windgram	Bric Rond (TO)	44.8688	7.0701
sarsena_windgram	Sarsena - Bobbio Pellice (TO)	44.8204	7.1138
Montoso_windgram	Montoso - Rucas (CN)	44.745	7.2403
Pobbio_windgram	Pobbio - Cabella Ligure (AL)	44.6959	9.1417
col_agnel_windgram	Col Agnel (CN)	44.684	6.982
Rossana_windgram	Colle Liretta - Rossana (CN)	44.499	7.382
M.Malanotte_windgram	Frabosa Soprana - Monte Malanotte (CN)	44.2592	7.794
montemaggio_windgram	Monte Maggio (GE)	44.5558	9.0084
ORERO_windgram	Orero (GE)	44.4009	9.2846
casoni_windgram	Casoni (SP)	44.2971	9.7842
BERGEGGI_windgram	Bergeggi (SV)	44.2515	8.4403
bonassola_windgram	Bonassola (SP)	44.1991	9.7582
finale_windgram	Finale (SV)	44.1835	8.3729
Monterosso_windgram	Monterosso (SP)	44.1522	9.6694
Alassio_windgram	Alassio (SV)	44.0212	8.1485
SCOUL_windgram	Scoul (CH)	46.8128	10.2731
Fiesch_windgram	Fiesch - Küehboden (CH)	46.404	8.0949
Cimetta_windgram	Cimetta	46.2	8.79
livigno_windgram	Livigno - Carosello (SO)	46.5155	10.0888
Carnale_windgram	Carnale - Montagna (SO)	46.1923	9.8292
Corteno_windgram	Volo di Corteno - Corteno Golgi (BS)	46.1792	10.2547
saviore_windgram	Saviore Adamello (BS)	46.0847	10.4
Giumello_windgram	Alpe Giumello	46.0469	9.3611
passosanmarco_windgram	Passo S. Marco - Mezzoldo (BG)	46.0452	9.635
borno_windgram	Borno - Rig. S. Fermo (BS)	45.9659	10.1931
Laveno_windgram	Laveno (VA)	45.922	8.679
scanapa_windgram	Monte Scanapà (BG)	45.9192	10.0883
monteblum_windgram	Monte Blum (BG)	45.911	9.9803
Cornizzolo_windgram	Cornizzolo (LC)	45.8394	9.3055
M.Farno_windgram	M.te Farno - Decollo (BG)	45.8275	9.9008
Passabocche_windgram	Pisogne (BS) - Decollo Passabocche	45.7923	10.1587
Valcava_windgram	Valcava - Palazzago (BG)	45.7847	9.5014
M.Rena_windgram	M.te Rena, Ganda - Aviatico (BG)	45.7832	9.8
sanfermo_windgram	Colli di San Fermo (BG)	45.7425	9.9527
salamarasino_windgram	Sale Marasino - Forcella di Sale (BS)	45.7244	10.1467
M.Colmo_windgram	M. Colmo (BS)	45.6948	10.4283
Viadianica_windgram	Prato Chierico - Viadanica (BG)	45.6924	9.9958
pizzocolo_windgram	Monte Pizzocolo, decollo Est (BS)	45.6656	10.5611
M.Pernice_windgram	M. Pernice (BS)	45.6525	10.1677
Maddalena_windgram	Brescia - La Maddalena (BS)	45.5394	10.2722
Desenzano_windgram	Desenzano Casello (BS)	45.4516	10.52
CECIMA_windgram	Cecima (PV)	44.8183	9.0711
M.Alto_windgram	Monte Alto (BZ)	46.9496	11.2814
C.Tures_windgram	Acereto- Ahornach (BZ)	46.9261	11.9681
Speikboden_windgram	Speikboden (BZ)	46.9132	11.9189
Casies_windgram	V. di Casies - Uwaldalm (BZ)	46.8604	12.2731
Anterselva_windgram	Anterselva - Antholz (BZ)	46.8449	12.0727
Falzes_windgram	Falzes - Pfalzen (BZ)	46.8308	11.8789
V.Passiria_windgram	Punta Cervina (BZ)	46.7369	11.2764
Brixen_windgram	Plose (BZ)	46.7008	11.7325
watles_windgram	Watles (BZ)	46.6993	10.5059
merano_windgram	Merano (BZ)	46.6771	11.2542
verano_windgram	Verano (BZ)	46.5995	11.2244
Lana_windgram	Col di Lana (BZ)	46.4989	11.9707
Canazei_windgram	Canazei - Col Rodella (TN)	46.4946	11.7501
canazei_belvedere_windgram	Canazei - Belvedere (TN)	46.4761	11.8071
Marmolada_windgram	Cima Marmolada (TN)	46.4385	11.8516
Mendola_windgram	Mendola - Penegal (BZ)	46.4272	11.2072
Cles_windgram	Belvedere di Cles (TN)	46.3575	11.0016
Ortise_windgram	Val di Sole - Ortisè (TN)	46.3403	10.8085
colverde_windgram	Col Verde S. Martino di C. (TN)	46.2719	11.8217
pradalago_windgram	Pradalago - Decollo (TN)	46.2471	10.8123
Cermis_windgram	Alpe del Cermis - Cavalese (TN)	46.2362	11.4925
tais_windgram	Tonadico di P. - Dec. Tais (TN)	46.1946	11.8467
DossSabbion_windgram	Doss del Sabbion (TN)	46.166	10.8052
carisolo_windgram	Carisolo - Atterraggio	46.1633	10.757
Molveno_windgram	Molveno - Decollo Alto (TN)	46.1542	10.9606
paganella_windgram	Paganella (TN)	46.1416	11.0364
margone_windgram	Margone (TN)	46.0743	10.9695
Panarotta_windgram	Panarotta - Decollo Vetriolo (TN)	46.0417	11.3161
lagolo_windgram	Lagolo (TN)	46.0358	11.0204
M.Stivo_windgram	Monte Stivo (TN)	45.9269	10.9577
M.Tremalzo_windgram	Monte Tremalzo (TN)	45.8426	10.6988
alpo_windgram	Monte Alpo (TN)	45.8098	10.5759
Bischling_windgram	Bischling (A)	47.4639	13.2992
innsbruck_windgram	innsbruck - Nordpark (A)	47.3058	11.3793
Lienz_windgram	Lienz (A) - decollo	46.8672	12.8047
Embergeralm_windgram	Embergeralm (A)	46.7732	13.1546
Sillian_windgram	Sillian (A)	46.7638	12.4051
Tofana_windgram	Cortina (BL) - Tofana	46.5342	12.0427
M.Antelao_windgram	Monte Antelao (BL)	46.4517	12.2621
agordo_windgram	Agordo (BL)	46.2989	12.0327
M.Serva_windgram	Monte Serva (BL)	46.2015	12.2331
Alpago_windgram	Alpago - Decollo Dolada (BL)	46.1917	12.3525
Belluno_windgram	Belluno - Aeroporto (BL)	46.168	12.2521
ere_windgram	Rifugio Casera Ere (BL)	46.1238	12.0152
sovramonte_windgram	Sovramonte - Rif. Dal Piaz (BL)	46.0894	11.8423
bristot_windgram	Rif. Bristot Nevegal (BL)	46.0707	12.2981
mel_windgram	Mel (BL)	46.0619	12.0788
Feltre_windgram	Feltre - M.te Avena (BL)	46.0294	11.8258
Revine_windgram	Revine - decollo La Posa (TV)	46.0025	12.2081
m.tomatico_windgram	Feltre - M. Tomatico (BL)	45.9814	11.9051
M.Verena_windgram	M. Verena - Asiago (VI)	45.9292	11.4167
mcesen_windgram	M. Cesen (TV)	45.9239	12.0192
soligo_windgram	Soligo - decollo San Gallo (TV)	45.9174	12.1497
Conegliano_windgram	Conegliano	45.8869	12.3038
mtomba_windgram	M. Tomba (TV)	45.8842	11.8972
C.Grappa_windgram	Cima Grappa (TV)	45.8781	11.8004
asiago_windgram	Asiago (VI)	45.8739	11.5092
BORSO_windgram	Borso Decollo (TV)	45.8332	11.8004
Cogollo_windgram	Cogollo del Cengio - decollo Ceresana (VI)	45.8042	11.4388
RUBBIO_windgram	Rubbio Decollo (VI)	45.803	11.674
M.Corno_windgram	Lugo - Dec. VIP M. Corno (VI)	45.7999	11.5443
M.Foraoro_windgram	Caltrano - Cima M. Foraoro (VI)	45.7985	11.4762
Malcesine_windgram	Malcesine - atterraggio (VR)	45.7819	10.8178
PASUBIO_windgram	Pendici Pasubio (VI)	45.771	11.209
RIVIT_windgram	Rivit - Camisino (VI)	45.769	11.493
Malcesine_dec_windgram	Malcesine - Decollo M. Baldo (VR)	45.7661	10.8676
SUMMANO_windgram	Summano (VI)	45.752	11.389
cassola_windgram	Cassola avio sup. (VI)	45.7411	11.8064
marostica_windgram	Marostica (VI)	45.7386	11.6558
thiene_windgram	Thiene Aeroporto (VI)	45.6811	11.4958
montecorno_windgram	Decollo Corno D’Aquilio (VR)	45.6706	10.9605
malo_windgram	Malo (VI)	45.655	11.4019
C.Marana_windgram	Cima Marana - decollo Rialto (VI)	45.6511	11.2372
Caprino_windgram	Caprino Veronese - Decollo Grigio (VR)	45.6475	10.81
pesina_windgram	Pesina - Atterraggio (VR)	45.5937	10.7537
berici_windgram	San Germano dei Berici (VI)	45.4066	11.4701
albettone_windgram	Albettone (VI)	45.3667	11.5972
sappada_windgram	Sappada (UD)	46.5833	12.6991
Cercivento_windgram	Cercivento (UD)	46.5249	13.0045
M.Lussari_windgram	Monte Lussari (UD)	46.4798	13.5233
trischiamps_windgram	Trischiamps (UD)	46.4739	12.9453
sauris_windgram	Sauris (UD)	46.4711	12.7072
msernio_windgram	Monte Sernio (UD)	46.4692	13.1383
montasio_windgram	Forca Montasio (UD)	46.4211	13.4261
ampezzo_windgram	Passo Pura - Ampezzo (UD)	46.4191	12.7484
montejama_windgram	Monte Jama - Decollo Tibet (UD)	46.4067	13.3297
enemonzo_windgram	Enemonzo (UD)	46.4047	12.885
pozzis_windgram	Pozzis (UD)	46.34	12.9392
GEMONA_windgram	Bordano - S. Simeone (UD)	46.3321	13.1037
tramonti_windgram	Tramonti (PN)	46.3042	12.8064
lapussa_windgram	La Pussa (UD)	46.3025	12.6283
mmaggiore_windgram	Monte Maggiore (UD)	46.2764	13.3689
Cuarnan_windgram	Cuarnan - Gemona (UD)	46.273	13.1752
Meduno_windgram	Meduno - M.te Valinis (PN)	46.2306	12.8233
Nimis_windgram	Nimis - M.te Bernadia (UD)	46.225	13.2633
raut_windgram	M. Raut (PN)	46.2153	12.6672
buia_windgram	Buia (UD)	46.2056	13.1167
muris_windgram	Muris (UD)	46.1875	12.9917
porzus_windgram	Porzus (UD)	46.1831	13.3356
sequals_windgram	Sequals (PN)	46.1639	12.8222
mreale_windgram	Montereale (PN)	46.1572	12.6619
cividale_windgram	Cividale del Friuli (UD)	46.0956	13.4417
avianoc_windgram	Aviano - Antenne Castaldia (PN)	46.086	12.5306
avianos_windgram	Aviano Silos (PN)	46.0369	12.5861
M.Sabotino_windgram	M. Sabotino - Gorizia (Go)	45.9878	13.6324
aerogo_windgram	Gorizia aeroporto (GO)	45.9083	13.6
M.Carso_windgram	M. Carso - Decollo (TS)	45.6123	13.8668
STOL_windgram	Stol - decollo (SLO)	46.2696	13.48
KOBARID_windgram	Kobarid - costone (SLO)	46.254	13.557
KRN_windgram	Krn - versante S (SLO)	46.251	13.661
SORICA_windgram	Sorica - Decollo (SLO)	46.2309	14.0091
Kobala_windgram	Tolmin - Kobala (SLO)	46.1827	13.7807
Lijak_windgram	Lijak - decollo (SLO)	45.9578	13.7408
kovk_windgram	Kovk (SLO)	45.8866	13.9591
Vremscica_windgram	Vremščica (SLO)	45.6948	14.0338
montepenice_windgram	Monte Penice (PC)	44.785	9.3177
quinzano_windgram	Quinzano (PR)	44.5851	10.2214
canossa_windgram	Canossa - Trinità (RE)	44.5477	10.407
M.Pelpi_windgram	Bedonia - M.te Pelpi (PR)	44.5442	9.6517
M.Caio_windgram	Schia Montecaio - decollo M.te Caio (PR)	44.4633	10.1708
Monfestino_windgram	Monfestino (MO)	44.4273	10.8236
villaminozzo_windgram	Villaminozzo (RE)	44.3503	10.4069
Febbio_windgram	Monte Cusna - Febbio (RE)	44.2879	10.3914
m.cantiere_windgram	Monte Cantiere (MO)	44.273	10.6419
montese_windgram	Montese (MO)	44.271	10.942
Sestola_windgram	Monte Calvanella - Sestola (MO)	44.2171	10.7604
M.Battaglia_windgram	M. Battaglia - Casola Valsenio (RA)	44.2161	11.5788
m.cimone_windgram	Monte Cimone (MO)	44.1935	10.6991
montepizzo_windgram	Monte Pizzo (BO)	44.1545	10.8852
Piella_windgram	Porretta Terme - Piella (BO)	44.1339	10.9353
Corno_windgram	Corno alle Scale (BO)	44.1337	10.8186
CUSERCOLI_windgram	Cusercoli (FC)	44.0517	11.9878
S.Marino_windgram	San Marino (RN)	43.9196	12.4502
sanpellegrino_windgram	S. Pellegrino in Alpe (LU)	44.1941	10.4937
Frenzuola_windgram	Passo della Raticosa - Firenzuola (FI)	44.1638	11.3575
Croce.Arcana_windgram	Croce Arcana - Cutigliano (PT)	44.1298	10.7822
Campocecina_windgram	Campocecina (MS)	44.1161	10.1272
SantaLucia_windgram	Santa Lucia di Carrara (MS)	44.0881	10.0679
P.Termini_windgram	Pian dei Termini - San Marcello (PT)	44.064	10.8056
PratoFiorito_windgram	Prato Fiorito (FI)	44.0539	10.6183
Giogo_windgram	Giogo - Scarperia (Fi)	44.0416	11.3904
folgorito_windgram	Folgorito (MS)	44.0322	10.1977
Diecimo_windgram	Diecimo - Borgo a Mozzano Lucca (LU)	43.9816	10.5004
Montemurlo_windgram	Iavello - Montemurlo (PO)	43.9621	11.0888
camaiore_windgram	Camaiore (LU)	43.9443	10.3252
Pizzorne_windgram	Le Pizzorne (LU)	43.9339	10.5852
S.Gliuliano_windgram	San Giuliano (PI)	43.7708	10.4417
Massanera_windgram	Massanera - Regello (FI)	43.7042	11.5572
Praticino_windgram	Praticino (FI)	43.6538	11.6034
montelignano_windgram	Monte Lignano Ovest (AR)	43.4049	11.8817
Gerfalco_windgram	Gerfalco - Le Cornate (GR)	43.1608	10.9497
Stribugliano_windgram	Stribugliano - M. Aquilaia (GR)	42.8452	11.4776
M.Calvo_windgram	Monte Calvo (GR) - Querciolaia	42.7967	11.6061
M.Carpegna_windgram	M. Carpegna - Trabocchino (PU)	43.8012	12.3351
M.Nerone_windgram	Monte Nerone (PU)	43.5572	12.5189
M.Catria_windgram	Monte Catria (PU)	43.4589	12.705
GUBBIO_windgram	Gubbio (PG)	43.373	12.566
CUCCO_windgram	Monte Cucco (PG)	43.3577	12.7494
sigillo_windgram	Sigillo Atterraggio (PG)	43.3452	12.7018
cucconord_windgram	Att. Cucco Nord (AN)	43.3334	12.8455
M.SanVicino_windgram	Monte S. Vicino (AN)	43.3173	13.0571
gualdoTadino_windgram	Gualdo Tadino (PG)	43.242	12.8122
TrePizzi_windgram	Monte Gemmo - Tre Pizzi (MC)	43.2204	12.956
montetezio_windgram	Monte Tezio (PG)	43.1981	12.3485
caccamo_windgram	Lago di Caccamo (MC)	43.1246	13.1925
SUBASIO_windgram	Monte Subasio - vers. Ovest  (PG)	43.05	12.668
macchialunga_windgram	Macchialunga (MC)	43.0446	12.9483
SARNANO_windgram	Sarnano (MC)	43.033	13.234
m_bove_sud_windgram	Monte Bove Sud (MC)	42.9142	13.199
sibilla_windgram	Monte Zampa-Sibilla (AP)	42.9093	13.2918
CAMPELLO_windgram	Campello sul Clitunno (PG)	42.853	12.792
trevi_windgram	Att. Trevi (PG)	42.8373	12.7284
FONTANILE_windgram	Castelluccio Fontanile (PG)	42.817	13.185
FORCA_windgram	Forca di Presta - Vettoretto (PG)	42.799	13.258
TABELLONE_windgram	Castelluccio Tabellone (PG)	42.781	13.16
Montecchio_windgram	Montecchio (TR)	42.6659	12.3204
cesi_windgram	Cesi (TR)	42.6163	12.5829
MACCHIEPIANE_windgram	Laga - Macchie Piane (RI)	42.6598	13.3295
LEONESSA_windgram	Leonessa (RI)	42.5613	12.9457
montefiascone_windgram	Montefiascone (VT) - Decollo	42.5525	12.0201
labro_windgram	Labro (RI)	42.5289	12.7928
POGGIO_windgram	Poggio Bustone - M. Rosato (RI)	42.515	12.883
TERMINILLOW_windgram	Terminillo - Pian de Valli (RI)	42.458	12.965
cese_windgram	Cese (RI)	42.4528	12.8211
Greccio_windgram	Greccio	42.4416	12.7548
montecosce_windgram	Monte Cosce (RI)	42.4159	12.6305
vico_windgram	Lago di Vico (VT) - Decollo	42.3593	12.1478
petrella_windgram	Petrella Salto (RI)	42.295	13.0681
M.Gennaro_windgram	Monte Gennaro - Dec. Marcellina (RM)	42.0349	12.8294
CERVARA_windgram	Cervara di Roma (RM)	41.984	13.074
TIVOLI_windgram	Tivoli - Monte Ripoli (RM)	41.9452	12.803
Viperella_windgram	Decollo Viperella (FR)	41.9216	13.3533
campostaffi_windgram	C. Staffi - M. Cotento Ovest (FR)	41.9171	13.3274
viglio_est_windgram	Decollo M. Viglio Est (FR)	41.906	13.3834
Roma_windgram	Roma - Caravaggio (RM)	41.8511	12.4932
SERRONE_windgram	Serrone (FR)	41.847	13.0998
CAMPOCATINO_windgram	Campocatino (FR)	41.8338	13.3335
Balsorano_windgram	Balsorano (cresta)	41.8297	13.6113
FIUGGI_windgram	Fiuggi (FR)	41.8004	13.2281
sora_windgram	Sora (FR)	41.7343	13.5889
ValComino_windgram	ValComino (FR)	41.7314	13.802
S.Giacomo_windgram	S. Giacomo (FR)	41.7229	13.3987
LIRE_windgram	Pratica di Mare LIRE (RM)	41.65	12.43
MONTELUPONE_windgram	Monte Lupone (LT)	41.648	12.992
CORI_windgram	Cori (LT)	41.648	12.919
Boville_windgram	Boville Ernica (FR)	41.6406	13.472
M.Cavallo_windgram	Monte Cavallo (FR)	41.6406	13.9408
NORMA_windgram	Norma (LT)	41.5964	12.964
TERELLE_windgram	Terelle (FR)	41.5468	13.8132
SEZZE_windgram	Sezze (LT)	41.4923	13.0685
ROCCASECCA_windgram	Roccasecca dei Volsci (LT)	41.45	13.232
FONDI_windgram	Fondi	41.378	13.448
ROIANO_windgram	Roiano (TE)	42.7012	13.6274
CAPANNELLE_windgram	Passo delle Capannelle (AQ)	42.458	13.355
CIMPERATORE_windgram	Campo Imperatore (AQ)	42.4419	13.5586
MONTECRISTO_windgram	Assergi - Montecristo (AQ)	42.3977	13.5668
calascio_windgram	Calascio (AQ)	42.3253	13.7094
CANNATINA_windgram	Cannatina (PE)	42.312	13.817
M.Ocre_windgram	Monte Ocre - Decollo Est  (AQ)	42.2593	13.4674
TOCCO_windgram	Tocco Casauria (PE)	42.193	13.908
maielletta_windgram	Majelletta - Rif. Pomilio (CH)	42.1584	14.1302
MONTEVELINO_windgram	Monte Velino (AQ)	42.1507	13.3828
sirente_windgram	M. Sirente (AQ)	42.1423	13.5972
COLLEVACCHE_windgram	Sulmona - Colle delle Vacche (AQ)	42.113	13.936
SALVIANO_windgram	Salviano (AQ)	42.0493	13.3777
Gioia_windgram	Gioia dei Marsi - Dec. Sperone (AQ)	41.9501	13.7185
CIVITELLA_windgram	Civitella Roveto (AQ)	41.9272	13.4512
m.marsicano_windgram	M. Marsicano (AQ)	41.8021	13.8604
MONTEFALCONE_windgram	Montefalcone del Sannio (CB)	41.87	14.64
Miranda_windgram	Miranda (IS)	41.65	14.25
frosolone_windgram	Frosolone (IS)	41.6277	14.4056
VENAFRO_windgram	Venafro (IS)	41.4856	14.0428
3FINESTRE_windgram	Tre Finestre (CB) - Decollo NE	41.4506	14.4264
MATESE_windgram	Cima Miletto (CB)	41.45	14.3667
CAMPOCHIARO_windgram	Campochiaro (CB)	41.443	14.504
M.MAIO_windgram	S. Gregorio M. (CE) - Decollo M. Maio	41.384	14.367
BOCCASELVA_windgram	Bocca della Selva (BN)	41.371	14.502
asimatese_windgram	ASI Matese (CE)	41.3096	14.3409
rocchetta_windgram	Rocchetta e Croce (CE)	41.2249	14.1792
SANMICHELE_windgram	San Michele (BN)	41.173	14.522
serino_windgram	Serino (AV)	40.8846	14.8786
Lioni_windgram	Lioni - Nusco (AV)	40.8511	15.1267
Calvanico_windgram	Calvanico (SA)	40.7934	14.8334
CSGiorgio_windgram	Castel San Giorgio (SA)	40.7787	14.6565
castellammare_windgram	Monte Faito (NA)	40.6722	14.4608
maiori_windgram	Maiori (SA)	40.6556	14.6703
S.Arsenio_windgram	SantArsenio (SA)	40.4772	15.4589
Capaccio_windgram	Capaccio (SA)	40.4249	15.1133
Padula_windgram	Padula (SA)	40.3259	15.6945
pisciotta_windgram	Pisciotta (SA)	40.1203	15.2255
rignano_windgram	Rignano Garganico (FG)	41.6768	15.5813
panni_windgram	Panni (FG)	41.225	15.2712
M.Volture_windgram	Monte Volture (PZ)	40.9549	15.6255
LoggiaPilato_windgram	Loggia di Pilato (BA)	40.8758	17.2863
Scalera_windgram	Scalera (PZ)	40.8645	15.711
Muro_windgram	Muro Lucano - curvone decollo Muro Lucano (PZ)	40.7275	15.4803
S.Gregorio_windgram	S. Gregorio Magno (PZ)	40.6851	15.1133
Balvano_windgram	Balvano (PZ)	40.627	15.5474
Pignola_windgram	Pignola - Cuzzulicchio (PZ)	40.5572	15.7825
Marsico_windgram	Marsico Vetere (PZ)	40.4061	15.8133
montalbano_windgram	Montalbano (MT)	40.2925	16.5588
raparello_windgram	Monte Raparello (PZ)	40.2253	16.0107
colobraro_windgram	Colobraro - Campo Sportivo (MT)	40.1888	16.4297
tempa_windgram	Tempa degli Angari (PZ)	40.1296	16.2254
MAlpi_windgram	Monte Alpi (PZ)	40.1049	15.9757
nocara_windgram	Nocara (CS)	40.097	16.4847
maratea_windgram	Maratea (PZ)	39.9747	15.7395
Praia_windgram	Decollo Praia a Mare (CS)	39.8914	15.8042
frascieto_windgram	Frascineto (CS)	39.86	16.2785
fiumefreddo_windgram	Fiumefreddo decollo (CS)	39.2533	16.0989
camoli_windgram	Camoli (CS)	39.1498	16.0751
bianchi_windgram	Decollo Bianchi (CS)	39.1212	16.452
amantea_windgram	Amantea (CS)	39.1076	16.0849
coreca_windgram	Coreca decollo (CS)	39.0928	16.0944
decollatura_windgram	Decollatura (CZ)	39.0436	16.3221
Pizzo_windgram	Decollo Pizzo Calabro (VV)	38.7293	16.1699
zambrone_windgram	Zambrone (VV)	38.6977	15.9682
STILO_windgram	Stilo (RC)	38.4697	16.4488
BAGNARA_windgram	Bagnara Calabra (RC)	38.2894	15.8147
scilla_windgram	Scilla (RC)	38.2432	15.6977
salina_windgram	Salina Nord (ME)	38.5748	14.8171
vulcano_windgram	Vulcano - Monte Saraceno (ME)	38.3895	14.9609
M.Trino_windgram	Monte Trino (ME)	38.2528	15.2383
Gioiosa_windgram	Gioiosa Guardia (ME)	38.1556	14.9306
S.Vito_windgram	S. Vito Lo Capo (TP)	38.1324	12.7603
S.Lucia_windgram	S. Lucia della Mela (ME)	38.1259	15.2895
M.Sparagio_windgram	Monte Sparagio (TP)	38.0489	12.7729
Romitello_windgram	Romitello (PA)	38.0406	13.1669
PizzoS.Elena_windgram	Pizzo Santa Elena (ME)	38.0315	15.4183
montesalinelle_windgram	Monte - Salinelle (PA)	38.0208	13.9622
Pollina_windgram	Finale di Pollina (PA)	38.0149	14.1389
P.Albanesi_windgram	Piana Albanesi - Monte Kumeta (PA)	37.9686	13.2575
pizzoCane_windgram	Pizzo Cane (PA)	37.9525	13.5573
Bolognetta_windgram	Bolognetta (PA)	37.95	13.4506
S.Domenica_windgram	S. Domenica di Vittoria (ME)	37.9114	14.9555
Croci_windgram	Castelbuono - Croci (PA)	37.9048	14.0561
Galladoro_windgram	Gallodoro (ME)	37.8964	15.3081
M.Grande_windgram	Montagna Grande (TP)	37.892	12.747
M.Veneretta_windgram	Monte Veneretta (ME)	37.8694	15.2676
cesaro_windgram	Cesarò (ME) - M. dell Abate	37.8523	14.7003
Castellana_windgram	Castellana S. - Madonna Alto (PA)	37.8317	14.0497
Finestrelle_windgram	Finestrelle (TP)	37.8037	12.9146
Cratere_windgram	Etna - Cratere Silvestri (CT)	37.7006	15.009
Zafferana_windgram	Zafferana Etnea (CT)	37.683	15.0863
Assoro_windgram	Assoro (EN)	37.6256	14.4268
M.Vaccaro_windgram	Monte Vaccaro (EN)	37.6253	14.6516
S.Moneta_windgram	S. Stefano Quisquina - Serra Moneta (AG)	37.6092	13.5111
Cartabellotta_windgram	Caltabellotta (AG)	37.5714	13.2003
Enna_windgram	Enna (EN)	37.5582	14.2758
M.Scalpello_windgram	Monte Scalpello (EN)	37.5481	14.652
caltanissetta_windgram	Sambucina (CL)	37.4998	14.1115
P.Funnuto_windgram	Passo Funnuto (AG)	37.4728	13.6798
mirabella_windgram	Mirabella Imbaccari (CT)	37.3463	14.4736
Giallonardo_windgram	Giallonardo (AG)	37.3186	13.4182
M.Scala_windgram	S. Michele di Ganzaria - M. Scala (CT)	37.2516	14.4232
Niscemi_windgram	Belvedere - Niscemi (CL)	37.1435	14.3811
monte_lungo_windgram	Monte Lungo (CL)	37.0887	14.1823
chiaramonte_windgram	Chiaramonte Gulfi (RG)	37.0165	14.7102
Rigolizia_windgram	Rigolizia (SR)	36.9923	14.9067
Avola_windgram	Avola (SR)	36.9516	15.1507
Viddalba_windgram	Punta Salici - Viddalba (SS)	40.9234	8.9834
Sedini_windgram	Sedini - Lu Littigheddu (SS)	40.8756	8.775
montelittu_windgram	Monte Littu - Ozieri (SS)	40.5619	8.9977
M.Orbetone_windgram	M.te Ortobene - Nuoro (NU)	40.3207	9.3729
Bordigali_windgram	Bortigali - Monte Santu Padre (NU)	40.2964	8.8408
Baunei_windgram	Baunei - Tortoli (OG)	40.0344	9.6655
Tuili_windgram	Tuili - La Jara (CA)	39.7286	8.8408
Cuccuru_windgram	Cuccuru e Fenugu - Gonnosfanadiga (CA)	39.484	8.6822
